fruta,volumen
1,"0.001075268817"
2,"0.001020408163"
3,"0.001"
4,"0.0009708737864"
5,"0.0009900990099"
6,"0.00118623962"
7,"0.00118623962"
8,"0.0009433962264"
9,"0.0009699321048"
10,"0.0004854368932"
11,"0.001052631579"
12,"0.000934579"
